<?xml version="1.0" encoding="UTF-8" ?>
<CustomField xmlns="http://soap.sforce.com/2006/04/metadata">
    <fullName>Bucketed_Picklist__c</fullName>
    <externalId>false</externalId>
    <fieldManageability>DeveloperControlled</fieldManageability>
    <label>Bucketed Picklist</label>
    <referenceTo>Bucketed_Picklist__mdt</referenceTo>
    <relationshipLabel>Picklist Buckets</relationshipLabel>
    <relationshipName>Picklist_Buckets</relationshipName>
    <required>false</required>
    <type>MetadataRelationship</type>
    <unique>false</unique>
</CustomField>
