<?xml version="1.0" encoding="UTF-8" ?>
<FlexiPage xmlns="http://soap.sforce.com/2006/04/metadata">
    <flexiPageRegions>
        <itemInstances>
            <componentInstance>
                <componentName>apexRecipesContainer</componentName>
            </componentInstance>
        </itemInstances>
        <name>main</name>
        <type>Region</type>
    </flexiPageRegions>
    <masterLabel>Apex Recipes</masterLabel>
    <template>
        <name>flexipage:defaultAppHomeTemplate</name>
    </template>
    <type>AppPage</type>
</FlexiPage>
