<?xml version="1.0" encoding="UTF-8" ?>
<CustomField xmlns="http://soap.sforce.com/2006/04/metadata">
    <fullName>Field__c</fullName>
    <externalId>false</externalId>
    <fieldManageability>DeveloperControlled</fieldManageability>
    <label>Field</label>
    <metadataRelationshipControllingField
    >Bucketed_Picklist__mdt.Object__c</metadataRelationshipControllingField>
    <referenceTo>FieldDefinition</referenceTo>
    <relationshipLabel>Bucketed_Picklist</relationshipLabel>
    <relationshipName>Bucketed_Picklist</relationshipName>
    <required>false</required>
    <type>MetadataRelationship</type>
    <unique>false</unique>
</CustomField>
