<?xml version="1.0" encoding="UTF-8" ?>
<CspTrustedSite xmlns="http://soap.sforce.com/2006/04/metadata">
    <context>All</context>
    <endpointUrl>https://I.lightning.force.com</endpointUrl>
    <isActive>true</isActive>
    <isApplicableToConnectSrc>true</isApplicableToConnectSrc>
    <isApplicableToFontSrc>false</isApplicableToFontSrc>
    <isApplicableToFrameSrc>false</isApplicableToFrameSrc>
    <isApplicableToImgSrc>false</isApplicableToImgSrc>
    <isApplicableToMediaSrc>true</isApplicableToMediaSrc>
    <isApplicableToStyleSrc>false</isApplicableToStyleSrc>
</CspTrustedSite>
