<?xml version="1.0" encoding="UTF-8" ?>
<CustomField xmlns="http://soap.sforce.com/2006/04/metadata">
    <fullName>Metadata_Driven_Trigger__c</fullName>
    <externalId>false</externalId>
    <fieldManageability>DeveloperControlled</fieldManageability>
    <label>Metadata Driven Trigger</label>
    <referenceTo>Metadata_Driven_Trigger__mdt</referenceTo>
    <relationshipLabel>Disabled For</relationshipLabel>
    <relationshipName>Disabled_For</relationshipName>
    <required>true</required>
    <type>MetadataRelationship</type>
    <unique>false</unique>
</CustomField>
