{
    "records": [
        {
            "name": "Zoonoodle 37",
            "phone": "1(302)556-4395",
            "fax": "1(256)771-8962",
            "website": "http://1688.com/at/nunc/commodo/placerat/praesent/blandit.aspx",
            "type": "Customer",
            "industry": "n/a",
            "NumberOfEmployees": 28549,
            "annualrevenue": 5117586,
            "description": "-1",
            "billingstreet": "4 Del Mar Pass",
            "billingcity": "Newark",
            "billingstate": "DE",
            "billingpostalcode": "19725",
            "billingcountry": "United States",
            "shippingstreet": "85 Burning Wood Hill",
            "shippingcity": "Huntsville",
            "shippingstate": "AL",
            "shippingpostalcode": "35895",
            "attributes": { "type": "Account", "referenceId": "AccountRef1" }
        },
        {
            "name": "Quire 203",
            "phone": "1(260)120-2439",
            "fax": "1(617)202-1627",
            "website": "http://liveinternet.ru/dis/parturient/montes.jpg",
            "type": "Integrator",
            "industry": "Industrial Machinery/Components",
            "NumberOfEmployees": 40857,
            "annualrevenue": 7148094,
            "description": "NIL",
            "billingstreet": "8892 Vera Court",
            "billingcity": "Fort Wayne",
            "billingstate": "IN",
            "billingpostalcode": "46857",
            "billingcountry": "United States",
            "shippingstreet": "2 Moose Drive",
            "shippingcity": "Boston",
            "shippingstate": "MA",
            "shippingpostalcode": "02203",
            "attributes": { "type": "Account", "referenceId": "AccountRef2" }
        },
        {
            "name": "Teklist 138",
            "phone": "1(303)375-6956",
            "fax": "1(518)585-7903",
            "website": "http://timesonline.co.uk/magnis/dis/parturient/montes.json",
            "type": "Press",
            "industry": "Automotive Aftermarket",
            "NumberOfEmployees": 64462,
            "annualrevenue": 6783775,
            "description": " ",
            "billingstreet": "612 Brentwood Court",
            "billingcity": "Denver",
            "billingstate": "CO",
            "billingpostalcode": "80204",
            "billingcountry": "United States",
            "shippingstreet": "388 Ramsey Lane",
            "shippingcity": "Albany",
            "shippingstate": "NY",
            "shippingpostalcode": "12210",
            "attributes": { "type": "Account", "referenceId": "AccountRef3" }
        },
        {
            "name": "Omba 230",
            "phone": "1(813)623-8785",
            "fax": "1(530)401-3006",
            "website": "http://vk.com/congue/eget/semper/rutrum.png",
            "type": "Press",
            "industry": "Major Chemicals",
            "NumberOfEmployees": 5986,
            "annualrevenue": 6034787,
            "description": "１２３",
            "billingstreet": "9 Del Mar Circle",
            "billingcity": "Tampa",
            "billingstate": "FL",
            "billingpostalcode": "33647",
            "billingcountry": "United States",
            "shippingstreet": "900 Dexter Court",
            "shippingcity": "South Lake Tahoe",
            "shippingstate": "CA",
            "shippingpostalcode": "96154",
            "attributes": { "type": "Account", "referenceId": "AccountRef4" }
        },
        {
            "name": "Skinte 246",
            "phone": "1(903)994-3245",
            "fax": "1(309)733-2356",
            "website": "http://yolasite.com/lectus/in.jpg",
            "type": "Analyst",
            "industry": "n/a",
            "NumberOfEmployees": 60466,
            "annualrevenue": 4242197,
            "description": "test",
            "billingstreet": "36 Manufacturers Alley",
            "billingcity": "Texarkana",
            "billingstate": "TX",
            "billingpostalcode": "75507",
            "billingcountry": "United States",
            "shippingstreet": "04233 Aberg Court",
            "shippingcity": "Peoria",
            "shippingstate": "IL",
            "shippingpostalcode": "61635",
            "attributes": { "type": "Account", "referenceId": "AccountRef5" }
        },
        {
            "name": "Wikido 151",
            "phone": "1(805)356-3173",
            "fax": "1(847)621-1458",
            "website": "http://mediafire.com/tortor/quis/turpis/sed/ante.png",
            "type": "Competitor",
            "industry": "Industrial Machinery/Components",
            "NumberOfEmployees": 33024,
            "annualrevenue": 9717493,
            "description": "ヽ༼ຈل͜ຈ༽ﾉ ヽ༼ຈل͜ຈ༽ﾉ ",
            "billingstreet": "85 Sycamore Alley",
            "billingcity": "San Luis Obispo",
            "billingstate": "CA",
            "billingpostalcode": "93407",
            "billingcountry": "United States",
            "shippingstreet": "70035 Chinook Plaza",
            "shippingcity": "Palatine",
            "shippingstate": "IL",
            "shippingpostalcode": "60078",
            "attributes": { "type": "Account", "referenceId": "AccountRef6" }
        },
        {
            "name": "Flashset 156",
            "phone": "1(650)937-3255",
            "fax": "1(256)303-9647",
            "website": "http://ocn.ne.jp/a/feugiat/et/eros/vestibulum/ac.jpg",
            "type": "Integrator",
            "industry": "Major Banks",
            "NumberOfEmployees": 20530,
            "annualrevenue": 8321985,
            "description": "-1",
            "billingstreet": "2 Duke Alley",
            "billingcity": "Palo Alto",
            "billingstate": "CA",
            "billingpostalcode": "94302",
            "billingcountry": "United States",
            "shippingstreet": "236 Waubesa Park",
            "shippingcity": "Anniston",
            "shippingstate": "AL",
            "shippingpostalcode": "36205",
            "attributes": { "type": "Account", "referenceId": "AccountRef7" }
        },
        {
            "name": "Kwinu 183",
            "phone": "1(262)853-1889",
            "fax": "1(661)231-2829",
            "website": "http://domainmarket.com/ante.aspx",
            "type": "Partner",
            "industry": "Military/Government/Technical",
            "NumberOfEmployees": 69319,
            "annualrevenue": 2583180,
            "description": "１２３",
            "billingstreet": "6138 Knutson Street",
            "billingcity": "Racine",
            "billingstate": "WI",
            "billingpostalcode": "53405",
            "billingcountry": "United States",
            "shippingstreet": "04 Algoma Trail",
            "shippingcity": "Palmdale",
            "shippingstate": "CA",
            "shippingpostalcode": "93591",
            "attributes": { "type": "Account", "referenceId": "AccountRef8" }
        },
        {
            "name": "Meetz 73",
            "phone": "1(206)160-9610",
            "fax": "1(419)251-6150",
            "website": "http://altervista.org/augue/vestibulum/ante/ipsum.jpg",
            "type": "Partner",
            "industry": "Commercial Banks",
            "NumberOfEmployees": 66761,
            "annualrevenue": 7213610,
            "description": "test",
            "billingstreet": "3 Waubesa Lane",
            "billingcity": "Bellevue",
            "billingstate": "WA",
            "billingpostalcode": "98008",
            "billingcountry": "United States",
            "shippingstreet": "0251 Columbus Drive",
            "shippingcity": "Toledo",
            "shippingstate": "OH",
            "shippingpostalcode": "43610",
            "attributes": { "type": "Account", "referenceId": "AccountRef9" }
        },
        {
            "name": "Blogtags 78",
            "phone": "1(813)682-1553",
            "fax": "1(760)847-1743",
            "website": "https://toplist.cz/sapien/cursus/vestibulum/proin.html",
            "type": "Customer",
            "industry": "n/a",
            "NumberOfEmployees": 8007,
            "annualrevenue": 808461,
            "description": "1E2",
            "billingstreet": "8 Alpine Street",
            "billingcity": "Tampa",
            "billingstate": "FL",
            "billingpostalcode": "33686",
            "billingcountry": "United States",
            "shippingstreet": "4618 Northview Crossing",
            "shippingcity": "San Bernardino",
            "shippingstate": "CA",
            "shippingpostalcode": "92415",
            "attributes": { "type": "Account", "referenceId": "AccountRef10" }
        },
        {
            "name": "Jabbertype 157",
            "phone": "1(702)754-6401",
            "fax": "1(516)380-0375",
            "website": "https://wisc.edu/libero.jsp",
            "type": "Reseller",
            "industry": "Biotechnology: Laboratory Analytical Instruments",
            "NumberOfEmployees": 39197,
            "annualrevenue": 5963912,
            "description": "̡͓̞ͅI̗̘̦͝n͇͇͙v̮̫ok̲̫̙͈i̖͙̭̹̠̞n̡̻̮̣̺g̲͈͙̭͙̬͎ ̰t͔̦h̞̲e̢̤ ͍̬̲͖f̴̘͕̣è͖ẹ̥̩l͖͔͚i͓͚̦͠n͖͍̗͓̳̮g͍ ̨o͚̪͡f̘̣̬ ̖̘͖̟͙̮c҉͔̫͖͓͇͖ͅh̵̤̣͚͔á̗̼͕ͅo̼̣̥s̱͈̺̖̦̻͢.̛̖̞̠̫̰",
            "billingstreet": "5 Duke Terrace",
            "billingcity": "Santa Barbara",
            "billingstate": "CA",
            "billingpostalcode": "93111",
            "billingcountry": "United States",
            "shippingstreet": "77 Novick Trail",
            "shippingcity": "Port Washington",
            "shippingstate": "NY",
            "shippingpostalcode": "11054",
            "attributes": { "type": "Account", "referenceId": "AccountRef11" }
        },
        {
            "name": "Skippad 225",
            "phone": "1(330)879-3889",
            "fax": "1(916)892-9677",
            "website": "https://xinhuanet.com/mauris/viverra/diam/vitae.js",
            "type": "Reseller",
            "industry": "Real Estate Investment Trusts",
            "NumberOfEmployees": 26613,
            "annualrevenue": 3512782,
            "description": "﻿",
            "billingstreet": "07 Judy Drive",
            "billingcity": "Akron",
            "billingstate": "OH",
            "billingpostalcode": "44321",
            "billingcountry": "United States",
            "shippingstreet": "30 Leroy Lane",
            "shippingcity": "Sacramento",
            "shippingstate": "CA",
            "shippingpostalcode": "94245",
            "attributes": { "type": "Account", "referenceId": "AccountRef12" }
        },
        {
            "name": "Zooxo 42",
            "phone": "1(410)627-6486",
            "fax": "1(804)351-7031",
            "website": "http://desdev.cn/purus/aliquet/at/feugiat.js",
            "type": "Partner",
            "industry": "Miscellaneous manufacturing industries",
            "NumberOfEmployees": 27207,
            "annualrevenue": 6494930,
            "description": "/dev/null; touch /tmp/blns.fail ; echo",
            "billingstreet": "0 Artisan Lane",
            "billingcity": "Baltimore",
            "billingstate": "MD",
            "billingpostalcode": "21229",
            "billingcountry": "United States",
            "shippingstreet": "165 Westport Road",
            "shippingcity": "Richmond",
            "shippingstate": "VA",
            "shippingpostalcode": "23242",
            "attributes": { "type": "Account", "referenceId": "AccountRef13" }
        },
        {
            "name": "JumpXS 67",
            "phone": "1(541)224-4110",
            "fax": "1(651)529-0471",
            "website": "http://microsoft.com/morbi/quis/tortor/id/nulla/ultrices/aliquet.html",
            "type": "Integrator",
            "industry": "Investment Bankers/Brokers/Service",
            "NumberOfEmployees": 69955,
            "annualrevenue": 6288235,
            "description": "1",
            "billingstreet": "6 Goodland Trail",
            "billingcity": "Eugene",
            "billingstate": "OR",
            "billingpostalcode": "97405",
            "billingcountry": "United States",
            "shippingstreet": "4 Mccormick Hill",
            "shippingcity": "Saint Paul",
            "shippingstate": "MN",
            "shippingpostalcode": "55146",
            "attributes": { "type": "Account", "referenceId": "AccountRef14" }
        },
        {
            "name": "Blogtags 102",
            "phone": "1(646)223-9478",
            "fax": "1(806)878-4086",
            "website": "https://acquirethisname.com/nullam/orci/pede/venenatis/non.xml",
            "type": "Competitor",
            "industry": "Industrial Specialties",
            "NumberOfEmployees": 22708,
            "annualrevenue": 9182592,
            "description": "̡͓̞ͅI̗̘̦͝n͇͇͙v̮̫ok̲̫̙͈i̖͙̭̹̠̞n̡̻̮̣̺g̲͈͙̭͙̬͎ ̰t͔̦h̞̲e̢̤ ͍̬̲͖f̴̘͕̣è͖ẹ̥̩l͖͔͚i͓͚̦͠n͖͍̗͓̳̮g͍ ̨o͚̪͡f̘̣̬ ̖̘͖̟͙̮c҉͔̫͖͓͇͖ͅh̵̤̣͚͔á̗̼͕ͅo̼̣̥s̱͈̺̖̦̻͢.̛̖̞̠̫̰",
            "billingstreet": "417 Northport Way",
            "billingcity": "New York City",
            "billingstate": "NY",
            "billingpostalcode": "10175",
            "billingcountry": "United States",
            "shippingstreet": "88786 Meadow Ridge Junction",
            "shippingcity": "Amarillo",
            "shippingstate": "TX",
            "shippingpostalcode": "79165",
            "attributes": { "type": "Account", "referenceId": "AccountRef15" }
        },
        {
            "name": "Yata 245",
            "phone": "1(713)156-0740",
            "fax": "1(816)374-9076",
            "website": "http://ning.com/vel.jsp",
            "type": "Reseller",
            "industry": "n/a",
            "NumberOfEmployees": 61154,
            "annualrevenue": 4201454,
            "description": "nil",
            "billingstreet": "78 Nelson Point",
            "billingcity": "Houston",
            "billingstate": "TX",
            "billingpostalcode": "77266",
            "billingcountry": "United States",
            "shippingstreet": "643 Marcy Avenue",
            "shippingcity": "Kansas City",
            "shippingstate": "MO",
            "shippingpostalcode": "64187",
            "attributes": { "type": "Account", "referenceId": "AccountRef16" }
        },
        {
            "name": "Trilia 186",
            "phone": "1(585)506-4181",
            "fax": "1(256)895-4095",
            "website": "http://sun.com/ac/neque/duis/bibendum/morbi/non/quam.js",
            "type": "Integrator",
            "industry": "Major Chemicals",
            "NumberOfEmployees": 3081,
            "annualrevenue": 5647636,
            "description": "ÅÍÎÏ˝ÓÔÒÚÆ☃",
            "billingstreet": "8656 Melody Parkway",
            "billingcity": "Rochester",
            "billingstate": "NY",
            "billingpostalcode": "14652",
            "billingcountry": "United States",
            "shippingstreet": "52004 Reindahl Parkway",
            "shippingcity": "Huntsville",
            "shippingstate": "AL",
            "shippingpostalcode": "35815",
            "attributes": { "type": "Account", "referenceId": "AccountRef17" }
        },
        {
            "name": "Babbleset 84",
            "phone": "1(918)628-7037",
            "fax": "1(904)612-6356",
            "website": "http://salon.com/imperdiet/nullam/orci/pede/venenatis.jpg",
            "type": "Integrator",
            "industry": "Broadcasting",
            "NumberOfEmployees": 51378,
            "annualrevenue": 3467932,
            "description": "<img src=x onerror=alert('hi') />",
            "billingstreet": "4 West Pass",
            "billingcity": "Tulsa",
            "billingstate": "OK",
            "billingpostalcode": "74149",
            "billingcountry": "United States",
            "shippingstreet": "07483 Luster Pass",
            "shippingcity": "Jacksonville",
            "shippingstate": "FL",
            "shippingpostalcode": "32277",
            "attributes": { "type": "Account", "referenceId": "AccountRef18" }
        },
        {
            "name": "Katz 9",
            "phone": "1(518)308-4476",
            "fax": "1(770)338-6726",
            "website": "http://example.com/hac.jsp",
            "type": "Integrator",
            "industry": "Natural Gas Distribution",
            "NumberOfEmployees": 47500,
            "annualrevenue": 8601041,
            "description": "00˙Ɩ$-",
            "billingstreet": "700 Straubel Circle",
            "billingcity": "Albany",
            "billingstate": "NY",
            "billingpostalcode": "12262",
            "billingcountry": "United States",
            "shippingstreet": "88 Dennis Point",
            "shippingcity": "Marietta",
            "shippingstate": "GA",
            "shippingpostalcode": "30061",
            "attributes": { "type": "Account", "referenceId": "AccountRef19" }
        },
        {
            "name": "Gabtune 23",
            "phone": "1(202)768-1985",
            "fax": "1(313)719-9988",
            "website": "https://amazon.de/ullamcorper/augue.js",
            "type": "Investor",
            "industry": "n/a",
            "NumberOfEmployees": 47210,
            "annualrevenue": 913356,
            "description": "1;DROP TABLE users",
            "billingstreet": "858 Russell Circle",
            "billingcity": "Washington",
            "billingstate": "DC",
            "billingpostalcode": "20260",
            "billingcountry": "United States",
            "shippingstreet": "6806 Lerdahl Hill",
            "shippingcity": "Detroit",
            "shippingstate": "MI",
            "shippingpostalcode": "48217",
            "attributes": { "type": "Account", "referenceId": "AccountRef20" }
        },
        {
            "name": "Quatz 63",
            "phone": "1(734)722-2454",
            "fax": "1(601)182-5945",
            "website": "https://ask.com/vestibulum/velit/id/pretium/iaculis.js",
            "type": "Investor",
            "industry": "Professional Services",
            "NumberOfEmployees": 46368,
            "annualrevenue": 4855295,
            "description": "\"'\"'\"''''\"",
            "billingstreet": "618 Dawn Road",
            "billingcity": "Ann Arbor",
            "billingstate": "MI",
            "billingpostalcode": "48107",
            "billingcountry": "United States",
            "shippingstreet": "655 Saint Paul Court",
            "shippingcity": "Jackson",
            "shippingstate": "MS",
            "shippingpostalcode": "39210",
            "attributes": { "type": "Account", "referenceId": "AccountRef21" }
        },
        {
            "name": "Snaptags 40",
            "phone": "1(330)883-1294",
            "fax": "1(419)174-6429",
            "website": "http://ebay.co.uk/dolor/vel/est/donec/odio.jpg",
            "type": "Integrator",
            "industry": "Property-Casualty Insurers",
            "NumberOfEmployees": 73274,
            "annualrevenue": 609037,
            "description": "() { _; } >_[$($())] { touch /tmp/blns.shellshock2.fail; }",
            "billingstreet": "0319 Stang Plaza",
            "billingcity": "Canton",
            "billingstate": "OH",
            "billingpostalcode": "44760",
            "billingcountry": "United States",
            "shippingstreet": "219 Homewood Court",
            "shippingcity": "Toledo",
            "shippingstate": "OH",
            "shippingpostalcode": "43605",
            "attributes": { "type": "Account", "referenceId": "AccountRef22" }
        },
        {
            "name": "Fatz 2",
            "phone": "1(801)285-8107",
            "fax": "1(816)127-5002",
            "website": "http://ft.com/mattis/nibh/ligula/nec/sem/duis/aliquam.jpg",
            "type": "Investor",
            "industry": "Oil & Gas Production",
            "NumberOfEmployees": 64173,
            "annualrevenue": 7609109,
            "description": "\"\"",
            "billingstreet": "0 Springs Crossing",
            "billingcity": "Salt Lake City",
            "billingstate": "UT",
            "billingpostalcode": "84199",
            "billingcountry": "United States",
            "shippingstreet": "0 Orin Crossing",
            "shippingcity": "Kansas City",
            "shippingstate": "MO",
            "shippingpostalcode": "64101",
            "attributes": { "type": "Account", "referenceId": "AccountRef23" }
        },
        {
            "name": "Babblestorm 192",
            "phone": "1(816)273-0667",
            "fax": "1(213)715-5233",
            "website": "https://vimeo.com/felis/fusce/posuere.jpg",
            "type": "Integrator",
            "industry": "EDP Services",
            "NumberOfEmployees": 62772,
            "annualrevenue": 9614729,
            "description": "‪‪test‪",
            "billingstreet": "913 Mesta Way",
            "billingcity": "Kansas City",
            "billingstate": "MO",
            "billingpostalcode": "64142",
            "billingcountry": "United States",
            "shippingstreet": "531 Crest Line Junction",
            "shippingcity": "Los Angeles",
            "shippingstate": "CA",
            "shippingpostalcode": "90045",
            "attributes": { "type": "Account", "referenceId": "AccountRef24" }
        },
        {
            "name": "Feedbug 99",
            "phone": "1(260)593-5521",
            "fax": "1(757)414-3924",
            "website": "https://adobe.com/viverra/eget/congue/eget/semper.aspx",
            "type": "Competitor",
            "industry": "Major Pharmaceuticals",
            "NumberOfEmployees": 44764,
            "annualrevenue": 8820681,
            "description": "␡",
            "billingstreet": "87470 Elmside Drive",
            "billingcity": "Fort Wayne",
            "billingstate": "IN",
            "billingpostalcode": "46857",
            "billingcountry": "United States",
            "shippingstreet": "62 Sunfield Crossing",
            "shippingcity": "Portsmouth",
            "shippingstate": "VA",
            "shippingpostalcode": "23705",
            "attributes": { "type": "Account", "referenceId": "AccountRef25" }
        },
        {
            "name": "Katz 101",
            "phone": "1(678)612-1264",
            "fax": "1(785)388-2912",
            "website": "https://ehow.com/pede/ullamcorper/augue.xml",
            "type": "Reseller",
            "industry": "Fast Food - made whole",
            "NumberOfEmployees": 25664,
            "annualrevenue": 4858052,
            "description": "̦H̬̤̗̤͝e͜ ̜̥̝̻͍̟́w̕h̖̯͓o̝͙̖͎̱̮ ҉̺̙̞̟͈W̷̼̭a̺̪͍į͈͕̭͙̯̜t̶̼̮s̘͙͖̕ ̠̫̠B̻͍͙͉̳ͅe̵h̵̬͇̫͙i̹͓̳̳̮͎̫̕n͟d̴̪̜̖ ̰͉̩͇͙̲͞ͅT͖̼͓̪͢h͏͓̮̻e̬̝̟ͅ ̤̹̝W͙̞̝͔͇͝ͅa͏͓͔̹̼̣l̴͔̰̤̟͔ḽ̫.͕",
            "billingstreet": "9440 Porter Street",
            "billingcity": "Atlanta",
            "billingstate": "GA",
            "billingpostalcode": "30306",
            "billingcountry": "United States",
            "shippingstreet": "46 Garrison Hill",
            "shippingcity": "Topeka",
            "shippingstate": "KS",
            "shippingpostalcode": "66606",
            "attributes": { "type": "Account", "referenceId": "AccountRef26" }
        },
        {
            "name": "Livepath 89",
            "phone": "1(209)928-0177",
            "fax": "1(626)762-7359",
            "website": "https://jiathis.com/gravida/sem/praesent/id.aspx",
            "type": "Investor",
            "industry": "n/a",
            "NumberOfEmployees": 68647,
            "annualrevenue": 3046203,
            "description": "사회과학원 어학연구소",
            "billingstreet": "16366 Bluejay Junction",
            "billingcity": "Stockton",
            "billingstate": "CA",
            "billingpostalcode": "95210",
            "billingcountry": "United States",
            "shippingstreet": "4 Judy Drive",
            "shippingcity": "Pasadena",
            "shippingstate": "CA",
            "shippingpostalcode": "91117",
            "attributes": { "type": "Account", "referenceId": "AccountRef27" }
        },
        {
            "name": "Thoughtbridge 78",
            "phone": "1(505)810-8428",
            "fax": "1(305)489-3299",
            "website": "https://xinhuanet.com/malesuada/in/imperdiet/et.json",
            "type": "Reseller",
            "industry": "n/a",
            "NumberOfEmployees": 31610,
            "annualrevenue": 2459695,
            "description": "1",
            "billingstreet": "591 Prairieview Court",
            "billingcity": "Albuquerque",
            "billingstate": "NM",
            "billingpostalcode": "87201",
            "billingcountry": "United States",
            "shippingstreet": "1974 Rusk Trail",
            "shippingcity": "Naples",
            "shippingstate": "FL",
            "shippingpostalcode": "33961",
            "attributes": { "type": "Account", "referenceId": "AccountRef28" }
        },
        {
            "name": "Photojam 44",
            "phone": "1(847)151-6057",
            "fax": "1(843)222-0542",
            "website": "https://netscape.com/odio/in.js",
            "type": "Partner",
            "industry": "Real Estate Investment Trusts",
            "NumberOfEmployees": 12132,
            "annualrevenue": 2740932,
            "description": "/dev/null; touch /tmp/blns.fail ; echo",
            "billingstreet": "53 Bunting Place",
            "billingcity": "Evanston",
            "billingstate": "IL",
            "billingpostalcode": "60208",
            "billingcountry": "United States",
            "shippingstreet": "87630 Pawling Crossing",
            "shippingcity": "Charleston",
            "shippingstate": "SC",
            "shippingpostalcode": "29424",
            "attributes": { "type": "Account", "referenceId": "AccountRef29" }
        },
        {
            "name": "Jetpulse 11",
            "phone": "1(202)341-2015",
            "fax": "1(361)717-0166",
            "website": "https://meetup.com/tincidunt/eu.aspx",
            "type": "Prospect",
            "industry": "n/a",
            "NumberOfEmployees": 27954,
            "annualrevenue": 8796170,
            "description": "() { 0; }; touch /tmp/blns.shellshock1.fail;",
            "billingstreet": "94 Hoard Terrace",
            "billingcity": "Washington",
            "billingstate": "DC",
            "billingpostalcode": "20397",
            "billingcountry": "United States",
            "shippingstreet": "12 Stoughton Junction",
            "shippingcity": "Corpus Christi",
            "shippingstate": "TX",
            "shippingpostalcode": "78415",
            "attributes": { "type": "Account", "referenceId": "AccountRef30" }
        },
        {
            "name": "Ailane 240",
            "phone": "1(304)164-4056",
            "fax": "1(903)885-0181",
            "website": "http://ftc.gov/in/sagittis.xml",
            "type": "Integrator",
            "industry": "Business Services",
            "NumberOfEmployees": 43139,
            "annualrevenue": 8496119,
            "description": "-1E2",
            "billingstreet": "6739 Talisman Road",
            "billingcity": "Charleston",
            "billingstate": "WV",
            "billingpostalcode": "25313",
            "billingcountry": "United States",
            "shippingstreet": "39 Oak Road",
            "shippingcity": "Tyler",
            "shippingstate": "TX",
            "shippingpostalcode": "75710",
            "attributes": { "type": "Account", "referenceId": "AccountRef31" }
        },
        {
            "name": "Yodel 1",
            "phone": "1(718)857-0952",
            "fax": "1(786)980-2295",
            "website": "https://auda.org.au/justo/sit.jsp",
            "type": "Reseller",
            "industry": "Business Services",
            "NumberOfEmployees": 72261,
            "annualrevenue": 9639136,
            "description": "¸˛Ç◊ı˜Â¯˘¿",
            "billingstreet": "3794 Marquette Place",
            "billingcity": "Jamaica",
            "billingstate": "NY",
            "billingpostalcode": "11436",
            "billingcountry": "United States",
            "shippingstreet": "395 Esker Hill",
            "shippingcity": "Miami",
            "shippingstate": "FL",
            "shippingpostalcode": "33142",
            "attributes": { "type": "Account", "referenceId": "AccountRef32" }
        },
        {
            "name": "Jayo 161",
            "phone": "1(212)395-7443",
            "fax": "1(215)813-5010",
            "website": "http://example.com/quisque/arcu/libero/rutrum/ac/lobortis/vel.html",
            "type": "Analyst",
            "industry": "n/a",
            "NumberOfEmployees": 55498,
            "annualrevenue": 3990145,
            "description": "1.00",
            "billingstreet": "63 Cambridge Place",
            "billingcity": "New York City",
            "billingstate": "NY",
            "billingpostalcode": "10184",
            "billingcountry": "United States",
            "shippingstreet": "6853 Loeprich Lane",
            "shippingcity": "Philadelphia",
            "shippingstate": "PA",
            "shippingpostalcode": "19109",
            "attributes": { "type": "Account", "referenceId": "AccountRef33" }
        },
        {
            "name": "Eadel 255",
            "phone": "1(952)607-3802",
            "fax": "1(321)509-8230",
            "website": "https://amazon.de/dapibus/nulla/suscipit/ligula.js",
            "type": "Press",
            "industry": "Oil & Gas Production",
            "NumberOfEmployees": 59319,
            "annualrevenue": 221283,
            "description": "1",
            "billingstreet": "47251 Walton Parkway",
            "billingcity": "Young America",
            "billingstate": "MN",
            "billingpostalcode": "55551",
            "billingcountry": "United States",
            "shippingstreet": "3434 Sullivan Center",
            "shippingcity": "Orlando",
            "shippingstate": "FL",
            "shippingpostalcode": "32803",
            "attributes": { "type": "Account", "referenceId": "AccountRef34" }
        },
        {
            "name": "Gabspot 169",
            "phone": "1(682)336-6978",
            "fax": "1(913)256-2568",
            "website": "https://apache.org/neque/vestibulum.png",
            "type": "Integrator",
            "industry": "Slow Food - Made Quickly",
            "NumberOfEmployees": 57923,
            "annualrevenue": 230282,
            "description": "`⁄€‹›ﬁﬂ‡°·‚—±",
            "billingstreet": "9962 Kim Crossing",
            "billingcity": "Arlington",
            "billingstate": "TX",
            "billingpostalcode": "76011",
            "billingcountry": "United States",
            "shippingstreet": "13 Myrtle Junction",
            "shippingcity": "Shawnee Mission",
            "shippingstate": "KS",
            "shippingpostalcode": "66215",
            "attributes": { "type": "Account", "referenceId": "AccountRef35" }
        },
        {
            "name": "Yodo 133",
            "phone": "1(559)504-9621",
            "fax": "1(510)597-2453",
            "website": "https://sfgate.com/hac/habitasse/platea/dictumst/aliquam/augue.aspx",
            "type": "Customer",
            "industry": "Investment Managers",
            "NumberOfEmployees": 45892,
            "annualrevenue": 6858476,
            "description": "NIL",
            "billingstreet": "90 Barby Terrace",
            "billingcity": "Visalia",
            "billingstate": "CA",
            "billingpostalcode": "93291",
            "billingcountry": "United States",
            "shippingstreet": "6 5th Avenue",
            "shippingcity": "Richmond",
            "shippingstate": "CA",
            "shippingpostalcode": "94807",
            "attributes": { "type": "Account", "referenceId": "AccountRef36" }
        },
        {
            "name": "Twitterlist 47",
            "phone": "1(540)131-4885",
            "fax": "1(410)529-3659",
            "website": "https://oaic.gov.au/lobortis/vel/dapibus/at.png",
            "type": "Integrator",
            "industry": "Semiconductors",
            "NumberOfEmployees": 11754,
            "annualrevenue": 537811,
            "description": "✋🏿 💪🏿 👐🏿 🙌🏿 👏🏿 🙏🏿",
            "billingstreet": "0 Red Cloud Park",
            "billingcity": "Roanoke",
            "billingstate": "VA",
            "billingpostalcode": "24004",
            "billingcountry": "United States",
            "shippingstreet": "28 Crowley Crossing",
            "shippingcity": "Baltimore",
            "shippingstate": "MD",
            "shippingpostalcode": "21216",
            "attributes": { "type": "Account", "referenceId": "AccountRef37" }
        },
        {
            "name": "Twinte 93",
            "phone": "1(816)582-1283",
            "fax": "1(248)543-0405",
            "website": "http://sitemeter.com/turpis/eget/elit/sodales/scelerisque/mauris/sit.png",
            "type": "Reseller",
            "industry": "n/a",
            "NumberOfEmployees": 49197,
            "annualrevenue": 1837498,
            "description": "åß∂ƒ©˙∆˚¬…æ",
            "billingstreet": "1 Sutteridge Pass",
            "billingcity": "Kansas City",
            "billingstate": "MO",
            "billingpostalcode": "64179",
            "billingcountry": "United States",
            "shippingstreet": "4799 Red Cloud Point",
            "shippingcity": "Southfield",
            "shippingstate": "MI",
            "shippingpostalcode": "48076",
            "attributes": { "type": "Account", "referenceId": "AccountRef38" }
        },
        {
            "name": "Trilia 227",
            "phone": "1(214)979-0698",
            "fax": "1(502)752-5587",
            "website": "http://gravatar.com/eu.html",
            "type": "Investor",
            "industry": "n/a",
            "NumberOfEmployees": 25748,
            "annualrevenue": 9980952,
            "description": "1.00",
            "billingstreet": "571 Schmedeman Court",
            "billingcity": "Dallas",
            "billingstate": "TX",
            "billingpostalcode": "75392",
            "billingcountry": "United States",
            "shippingstreet": "94 Clyde Gallagher Junction",
            "shippingcity": "Louisville",
            "shippingstate": "KY",
            "shippingpostalcode": "40256",
            "attributes": { "type": "Account", "referenceId": "AccountRef39" }
        },
        {
            "name": "Quimm 109",
            "phone": "1(515)418-6274",
            "fax": "1(415)961-4792",
            "website": "https://wufoo.com/quis/libero/nullam.js",
            "type": "Integrator",
            "industry": "Investment Bankers/Brokers/Service",
            "NumberOfEmployees": 18574,
            "annualrevenue": 6771863,
            "description": "部落格",
            "billingstreet": "08333 Welch Trail",
            "billingcity": "Des Moines",
            "billingstate": "IA",
            "billingpostalcode": "50310",
            "billingcountry": "United States",
            "shippingstreet": "78 Hermina Alley",
            "shippingcity": "Oakland",
            "shippingstate": "CA",
            "shippingpostalcode": "94611",
            "attributes": { "type": "Account", "referenceId": "AccountRef40" }
        },
        {
            "name": "Edgeblab 179",
            "phone": "1(979)234-4062",
            "fax": "1(937)398-3418",
            "website": "http://moonfruit.com/praesent/blandit/lacinia/erat/vestibulum.json",
            "type": "Customer",
            "industry": "Major Pharmaceuticals",
            "NumberOfEmployees": 2480,
            "annualrevenue": 7098658,
            "description": "Œ„´‰ˇÁ¨ˆØ∏”’",
            "billingstreet": "17 Dottie Drive",
            "billingcity": "Houston",
            "billingstate": "TX",
            "billingpostalcode": "77040",
            "billingcountry": "United States",
            "shippingstreet": "97 Sunfield Lane",
            "shippingcity": "Hamilton",
            "shippingstate": "OH",
            "shippingpostalcode": "45020",
            "attributes": { "type": "Account", "referenceId": "AccountRef41" }
        },
        {
            "name": "Dabshots 9",
            "phone": "1(513)167-6990",
            "fax": "1(585)653-5146",
            "website": "https://theglobeandmail.com/orci/luctus/et/ultrices/posuere/cubilia.png",
            "type": "Customer",
            "industry": "Tobacco",
            "NumberOfEmployees": 40011,
            "annualrevenue": 7733121,
            "description": "₀₁₂",
            "billingstreet": "5350 Schurz Lane",
            "billingcity": "Cincinnati",
            "billingstate": "OH",
            "billingpostalcode": "45203",
            "billingcountry": "United States",
            "shippingstreet": "45 Ilene Parkway",
            "shippingcity": "Rochester",
            "shippingstate": "NY",
            "shippingpostalcode": "14619",
            "attributes": { "type": "Account", "referenceId": "AccountRef42" }
        },
        {
            "name": "Quatz 189",
            "phone": "1(602)984-1785",
            "fax": "1(310)226-5832",
            "website": "http://friendfeed.com/aenean/lectus/pellentesque/eget/nunc/donec/quis.aspx",
            "type": "Prospect",
            "industry": "Major Chemicals",
            "NumberOfEmployees": 28959,
            "annualrevenue": 7336070,
            "description": "𠜎𠜱𠝹𠱓𠱸𠲖𠳏",
            "billingstreet": "11624 Fuller Lane",
            "billingcity": "Chandler",
            "billingstate": "AZ",
            "billingpostalcode": "85246",
            "billingcountry": "United States",
            "shippingstreet": "20323 Golf Trail",
            "shippingcity": "Long Beach",
            "shippingstate": "CA",
            "shippingpostalcode": "90810",
            "attributes": { "type": "Account", "referenceId": "AccountRef43" }
        },
        {
            "name": "Aimbu 90",
            "phone": "1(248)330-8469",
            "fax": "1(661)807-2246",
            "website": "http://chron.com/in/faucibus/orci.aspx",
            "type": "Integrator",
            "industry": "Business Services",
            "NumberOfEmployees": 54936,
            "annualrevenue": 8324128,
            "description": "␢",
            "billingstreet": "972 Reindahl Crossing",
            "billingcity": "Farmington",
            "billingstate": "MI",
            "billingpostalcode": "48335",
            "billingcountry": "United States",
            "shippingstreet": "6193 Calypso Way",
            "shippingcity": "Palmdale",
            "shippingstate": "CA",
            "shippingpostalcode": "93591",
            "attributes": { "type": "Account", "referenceId": "AccountRef44" }
        },
        {
            "name": "Photolist 197",
            "phone": "1(561)869-5627",
            "fax": "1(469)657-1783",
            "website": "http://nature.com/erat/vestibulum/sed/magna/at/nunc/commodo.json",
            "type": "Investor",
            "industry": "n/a",
            "NumberOfEmployees": 36599,
            "annualrevenue": 2892229,
            "description": "・(￣∀￣)・:*:",
            "billingstreet": "4 Ruskin Lane",
            "billingcity": "Boca Raton",
            "billingstate": "FL",
            "billingpostalcode": "33499",
            "billingcountry": "United States",
            "shippingstreet": "4 Straubel Pass",
            "shippingcity": "Dallas",
            "shippingstate": "TX",
            "shippingpostalcode": "75236",
            "attributes": { "type": "Account", "referenceId": "AccountRef45" }
        },
        {
            "name": "Leexo 118",
            "phone": "1(915)552-4584",
            "fax": "1(916)317-4260",
            "website": "https://desdev.cn/mauris/eget/massa/tempor/convallis/nulla.html",
            "type": "Partner",
            "industry": "n/a",
            "NumberOfEmployees": 62465,
            "annualrevenue": 2577501,
            "description": "1.00",
            "billingstreet": "851 Reindahl Road",
            "billingcity": "El Paso",
            "billingstate": "TX",
            "billingpostalcode": "88514",
            "billingcountry": "United States",
            "shippingstreet": "514 Kingsford Park",
            "shippingcity": "Sacramento",
            "shippingstate": "CA",
            "shippingpostalcode": "95823",
            "attributes": { "type": "Account", "referenceId": "AccountRef46" }
        },
        {
            "name": "Lajo 225",
            "phone": "1(828)853-6134",
            "fax": "1(212)844-4064",
            "website": "https://examiner.com/platea/dictumst/morbi/vestibulum.png",
            "type": "Prospect",
            "industry": "n/a",
            "NumberOfEmployees": 64706,
            "annualrevenue": 9680896,
            "description": "١٢٣",
            "billingstreet": "39 Glacier Hill Avenue",
            "billingcity": "Asheville",
            "billingstate": "NC",
            "billingpostalcode": "28815",
            "billingcountry": "United States",
            "shippingstreet": "5999 Corry Trail",
            "shippingcity": "New York City",
            "shippingstate": "NY",
            "shippingpostalcode": "10260",
            "attributes": { "type": "Account", "referenceId": "AccountRef47" }
        },
        {
            "name": "Kaymbo 217",
            "phone": "1(323)161-5523",
            "fax": "1(559)367-7839",
            "website": "https://google.cn/cum/sociis/natoque/penatibus/et.jpg",
            "type": "Press",
            "industry": "Real Estate Investment Trusts",
            "NumberOfEmployees": 59006,
            "annualrevenue": 751089,
            "description": "1;DROP TABLE users",
            "billingstreet": "48488 Annamark Junction",
            "billingcity": "Los Angeles",
            "billingstate": "CA",
            "billingpostalcode": "90060",
            "billingcountry": "United States",
            "shippingstreet": "827 Rigney Lane",
            "shippingcity": "Fresno",
            "shippingstate": "CA",
            "shippingpostalcode": "93740",
            "attributes": { "type": "Account", "referenceId": "AccountRef48" }
        },
        {
            "name": "Meeveo 197",
            "phone": "1(347)846-0637",
            "fax": "1(402)258-6433",
            "website": "https://disqus.com/id/ligula/suspendisse/ornare.png",
            "type": "Prospect",
            "industry": "Restaurants",
            "NumberOfEmployees": 41670,
            "annualrevenue": 3908172,
            "description": "-1E2",
            "billingstreet": "326 Roth Circle",
            "billingcity": "New York City",
            "billingstate": "NY",
            "billingpostalcode": "10019",
            "billingcountry": "United States",
            "shippingstreet": "78 Utah Place",
            "shippingcity": "Omaha",
            "shippingstate": "NE",
            "shippingpostalcode": "68105",
            "attributes": { "type": "Account", "referenceId": "AccountRef49" }
        },
        {
            "name": "Layo 134",
            "phone": "1(661)459-3568",
            "fax": "1(260)591-2293",
            "website": "http://mysql.com/ut/nunc/vestibulum/ante.xml",
            "type": "Partner",
            "industry": "n/a",
            "NumberOfEmployees": 41225,
            "annualrevenue": 2635123,
            "description": "﻿",
            "billingstreet": "7373 Briar Crest Park",
            "billingcity": "Bakersfield",
            "billingstate": "CA",
            "billingpostalcode": "93399",
            "billingcountry": "United States",
            "shippingstreet": "9600 Fisk Hill",
            "shippingcity": "Fort Wayne",
            "shippingstate": "IN",
            "shippingpostalcode": "46862",
            "attributes": { "type": "Account", "referenceId": "AccountRef50" }
        }
    ]
}
