{
    "records": [
        {
            "lastName": "Sinisbury",
            "firstName": "Lianna",
            "email": "lsinisbury0@dropbox.com",
            "accountId": "@accountRef10",
            "title": "Statistician I",
            "phone": "5624081052",
            "attributes": { "type": "Contact", "referenceId": "ContactRef1" }
        },
        {
            "lastName": "Cannan",
            "firstName": "Bibby",
            "email": "bcannan1@illinois.edu",
            "accountId": "@accountRef1",
            "title": "Physical Therapy Assistant",
            "phone": "9264429205",
            "attributes": { "type": "Contact", "referenceId": "ContactRef2" }
        },
        {
            "lastName": "Sivyer",
            "firstName": "Lefty",
            "email": "lsivyer2@youtu.be",
            "accountId": "@accountRef22",
            "title": "Speech Pathologist",
            "phone": "7661751814",
            "attributes": { "type": "Contact", "referenceId": "ContactRef3" }
        },
        {
            "lastName": "Beadel",
            "firstName": "Paule",
            "email": "pbeadel3@nydailynews.com",
            "accountId": "@accountRef5",
            "title": "Product Engineer",
            "phone": "2927853293",
            "attributes": { "type": "Contact", "referenceId": "ContactRef4" }
        },
        {
            "lastName": "Luxton",
            "firstName": "Kerstin",
            "email": "kluxton4@netvibes.com",
            "accountId": "@accountRef49",
            "title": "Registered Nurse",
            "phone": "6139711589",
            "attributes": { "type": "Contact", "referenceId": "ContactRef5" }
        },
        {
            "lastName": "Dubery",
            "firstName": "Audie",
            "email": "adubery5@omniture.com",
            "accountId": "@accountRef42",
            "title": "Nurse Practicioner",
            "phone": "9269890344",
            "attributes": { "type": "Contact", "referenceId": "ContactRef6" }
        },
        {
            "lastName": "Hounsom",
            "firstName": "Charles",
            "email": "chounsom6@statcounter.com",
            "accountId": "@accountRef39",
            "title": "Computer Systems Analyst IV",
            "phone": "6818827646",
            "attributes": { "type": "Contact", "referenceId": "ContactRef7" }
        },
        {
            "lastName": "Oxborough",
            "firstName": "Erma",
            "email": "eoxborough7@fastcompany.com",
            "accountId": "@accountRef32",
            "title": "Tax Accountant",
            "phone": "1311625272",
            "attributes": { "type": "Contact", "referenceId": "ContactRef8" }
        },
        {
            "lastName": "Coats",
            "firstName": "Murial",
            "email": "mcoats8@engadget.com",
            "accountId": "@accountRef48",
            "title": "Help Desk Operator",
            "phone": "3729171014",
            "attributes": { "type": "Contact", "referenceId": "ContactRef9" }
        },
        {
            "lastName": "Potier",
            "firstName": "Sib",
            "email": "spotier9@typepad.com",
            "accountId": "@accountRef6",
            "title": "Accounting Assistant III",
            "phone": "2771368297",
            "attributes": { "type": "Contact", "referenceId": "ContactRef10" }
        },
        {
            "lastName": "Toor",
            "firstName": "Kirbie",
            "email": "ktoora@nifty.com",
            "accountId": "@accountRef46",
            "title": "Product Engineer",
            "phone": "6535972806",
            "attributes": { "type": "Contact", "referenceId": "ContactRef11" }
        },
        {
            "lastName": "Lampe",
            "firstName": "Hobie",
            "email": "hlampeb@ucsd.edu",
            "accountId": "@accountRef13",
            "title": "Operator",
            "phone": "7277052779",
            "attributes": { "type": "Contact", "referenceId": "ContactRef12" }
        },
        {
            "lastName": "Reimers",
            "firstName": "Shaylah",
            "email": "sreimersc@imageshack.us",
            "accountId": "@accountRef6",
            "title": "Account Coordinator",
            "phone": "3161585749",
            "attributes": { "type": "Contact", "referenceId": "ContactRef13" }
        },
        {
            "lastName": "Cornier",
            "firstName": "Vaughan",
            "email": "vcornierd@unblog.fr",
            "accountId": "@accountRef17",
            "title": "Senior Editor",
            "phone": "7719412890",
            "attributes": { "type": "Contact", "referenceId": "ContactRef14" }
        },
        {
            "lastName": "Gandrich",
            "firstName": "Karyl",
            "email": "kgandriche@google.cn",
            "accountId": "@accountRef12",
            "title": "Mechanical Systems Engineer",
            "phone": "4031484932",
            "attributes": { "type": "Contact", "referenceId": "ContactRef15" }
        },
        {
            "lastName": "Packwood",
            "firstName": "Lesli",
            "email": "lpackwoodf@newsvine.com",
            "accountId": "@accountRef31",
            "title": "Environmental Specialist",
            "phone": "2285651551",
            "attributes": { "type": "Contact", "referenceId": "ContactRef16" }
        },
        {
            "lastName": "De Blasio",
            "firstName": "Darla",
            "email": "ddeblasiog@ning.com",
            "accountId": "@accountRef26",
            "title": "Help Desk Technician",
            "phone": "1153506662",
            "attributes": { "type": "Contact", "referenceId": "ContactRef17" }
        },
        {
            "lastName": "Pattinson",
            "firstName": "Nanny",
            "email": "npattinsonh@narod.ru",
            "accountId": "@accountRef13",
            "title": "Environmental Specialist",
            "phone": "5064019595",
            "attributes": { "type": "Contact", "referenceId": "ContactRef18" }
        },
        {
            "lastName": "Silverwood",
            "firstName": "Nikola",
            "email": "nsilverwoodi@phpbb.com",
            "accountId": "@accountRef43",
            "title": "Staff Scientist",
            "phone": "1815899659",
            "attributes": { "type": "Contact", "referenceId": "ContactRef19" }
        },
        {
            "lastName": "Bulley",
            "firstName": "Dianne",
            "email": "dbulleyj@github.com",
            "accountId": "@accountRef48",
            "title": "Marketing Assistant",
            "phone": "1649369932",
            "attributes": { "type": "Contact", "referenceId": "ContactRef20" }
        },
        {
            "lastName": "Riglar",
            "firstName": "Bo",
            "email": "briglark@answers.com",
            "accountId": "@accountRef25",
            "title": "Software Consultant",
            "phone": "4574171193",
            "attributes": { "type": "Contact", "referenceId": "ContactRef21" }
        },
        {
            "lastName": "McCandie",
            "firstName": "Teodorico",
            "email": "tmccandiel@japanpost.jp",
            "accountId": "@accountRef2",
            "title": "Senior Financial Analyst",
            "phone": "9981306238",
            "attributes": { "type": "Contact", "referenceId": "ContactRef22" }
        },
        {
            "lastName": "Djurdjevic",
            "firstName": "Minetta",
            "email": "mdjurdjevicm@va.gov",
            "accountId": "@accountRef13",
            "title": "Legal Assistant",
            "phone": "8356904172",
            "attributes": { "type": "Contact", "referenceId": "ContactRef23" }
        },
        {
            "lastName": "Stoyles",
            "firstName": "Chiquita",
            "email": "cstoylesn@clickbank.net",
            "accountId": "@accountRef1",
            "title": "Staff Accountant IV",
            "phone": "2433865729",
            "attributes": { "type": "Contact", "referenceId": "ContactRef24" }
        },
        {
            "lastName": "Scruton",
            "firstName": "Robb",
            "email": "rscrutono@addtoany.com",
            "accountId": "@accountRef46",
            "title": "Technical Writer",
            "phone": "6709336754",
            "attributes": { "type": "Contact", "referenceId": "ContactRef25" }
        },
        {
            "lastName": "Linney",
            "firstName": "Jarrid",
            "email": "jlinneyp@globo.com",
            "accountId": "@accountRef23",
            "title": "Assistant Manager",
            "phone": "4172246645",
            "attributes": { "type": "Contact", "referenceId": "ContactRef26" }
        },
        {
            "lastName": "Dysert",
            "firstName": "Bailie",
            "email": "bdysertq@reuters.com",
            "accountId": "@accountRef20",
            "title": "Analyst Programmer",
            "phone": "9378751995",
            "attributes": { "type": "Contact", "referenceId": "ContactRef27" }
        },
        {
            "lastName": "Arpin",
            "firstName": "Chelsie",
            "email": "carpinr@sakura.ne.jp",
            "accountId": "@accountRef21",
            "title": "Account Executive",
            "phone": "9723742885",
            "attributes": { "type": "Contact", "referenceId": "ContactRef28" }
        },
        {
            "lastName": "Balchin",
            "firstName": "Alley",
            "email": "abalchins@sakura.ne.jp",
            "accountId": "@accountRef1",
            "title": "Assistant Media Planner",
            "phone": "6173077289",
            "attributes": { "type": "Contact", "referenceId": "ContactRef29" }
        },
        {
            "lastName": "Dunsleve",
            "firstName": "Morgun",
            "email": "mdunslevet@4shared.com",
            "accountId": "@accountRef48",
            "title": "Registered Nurse",
            "phone": "8255811094",
            "attributes": { "type": "Contact", "referenceId": "ContactRef30" }
        },
        {
            "lastName": "Zeale",
            "firstName": "Jeralee",
            "email": "jzealeu@scribd.com",
            "accountId": "@accountRef41",
            "title": "Editor",
            "phone": "3986364266",
            "attributes": { "type": "Contact", "referenceId": "ContactRef31" }
        },
        {
            "lastName": "Delahunty",
            "firstName": "Denney",
            "email": "ddelahuntyv@cnbc.com",
            "accountId": "@accountRef31",
            "title": "Dental Hygienist",
            "phone": "9156332388",
            "attributes": { "type": "Contact", "referenceId": "ContactRef32" }
        },
        {
            "lastName": "Fahrenbacher",
            "firstName": "Randal",
            "email": "rfahrenbacherw@flickr.com",
            "accountId": "@accountRef20",
            "title": "Database Administrator IV",
            "phone": "3249592856",
            "attributes": { "type": "Contact", "referenceId": "ContactRef33" }
        },
        {
            "lastName": "Salkeld",
            "firstName": "Josi",
            "email": "jsalkeldx@baidu.com",
            "accountId": "@accountRef40",
            "title": "Senior Cost Accountant",
            "phone": "7721207759",
            "attributes": { "type": "Contact", "referenceId": "ContactRef34" }
        },
        {
            "lastName": "Stubbes",
            "firstName": "Zarah",
            "email": "zstubbesy@yolasite.com",
            "accountId": "@accountRef19",
            "title": "Safety Technician II",
            "phone": "7182312305",
            "attributes": { "type": "Contact", "referenceId": "ContactRef35" }
        },
        {
            "lastName": "Flowers",
            "firstName": "Prinz",
            "email": "pflowersz@meetup.com",
            "accountId": "@accountRef2",
            "title": "Research Associate",
            "phone": "6504886264",
            "attributes": { "type": "Contact", "referenceId": "ContactRef36" }
        },
        {
            "lastName": "Oliphard",
            "firstName": "Jeanine",
            "email": "joliphard10@geocities.com",
            "accountId": "@accountRef41",
            "title": "Speech Pathologist",
            "phone": "2752451817",
            "attributes": { "type": "Contact", "referenceId": "ContactRef37" }
        },
        {
            "lastName": "Sedworth",
            "firstName": "Walden",
            "email": "wsedworth11@webeden.co.uk",
            "accountId": "@accountRef29",
            "title": "Senior Editor",
            "phone": "3862812104",
            "attributes": { "type": "Contact", "referenceId": "ContactRef38" }
        },
        {
            "lastName": "Cordero",
            "firstName": "Ethelin",
            "email": "ecordero12@cbsnews.com",
            "accountId": "@accountRef14",
            "title": "Senior Editor",
            "phone": "4452320996",
            "attributes": { "type": "Contact", "referenceId": "ContactRef39" }
        },
        {
            "lastName": "Coldbath",
            "firstName": "Brittaney",
            "email": "bcoldbath13@last.fm",
            "accountId": "@accountRef50",
            "title": "Actuary",
            "phone": "3183428485",
            "attributes": { "type": "Contact", "referenceId": "ContactRef40" }
        },
        {
            "lastName": "Golling",
            "firstName": "Jeremy",
            "email": "jgolling14@hao123.com",
            "accountId": "@accountRef35",
            "title": "Financial Analyst",
            "phone": "9285433089",
            "attributes": { "type": "Contact", "referenceId": "ContactRef41" }
        },
        {
            "lastName": "Ellershaw",
            "firstName": "Lynna",
            "email": "lellershaw15@nps.gov",
            "accountId": "@accountRef17",
            "title": "Nurse",
            "phone": "8564308482",
            "attributes": { "type": "Contact", "referenceId": "ContactRef42" }
        },
        {
            "lastName": "Soulsby",
            "firstName": "Coral",
            "email": "csoulsby16@chron.com",
            "accountId": "@accountRef41",
            "title": "Social Worker",
            "phone": "4742059301",
            "attributes": { "type": "Contact", "referenceId": "ContactRef43" }
        },
        {
            "lastName": "Bolderstone",
            "firstName": "Matilda",
            "email": "mbolderstone17@ibm.com",
            "accountId": "@accountRef47",
            "title": "Software Test Engineer III",
            "phone": "2565906074",
            "attributes": { "type": "Contact", "referenceId": "ContactRef44" }
        },
        {
            "lastName": "Castelletti",
            "firstName": "Ambrosi",
            "email": "acastelletti18@ezinearticles.com",
            "accountId": "@accountRef4",
            "title": "Senior Editor",
            "phone": "6298937336",
            "attributes": { "type": "Contact", "referenceId": "ContactRef45" }
        },
        {
            "lastName": "Cossons",
            "firstName": "Garrett",
            "email": "gcossons19@wordpress.org",
            "accountId": "@accountRef37",
            "title": "Electrical Engineer",
            "phone": "2071957115",
            "attributes": { "type": "Contact", "referenceId": "ContactRef46" }
        },
        {
            "lastName": "Minors",
            "firstName": "Drusi",
            "email": "dminors1a@japanpost.jp",
            "accountId": "@accountRef13",
            "title": "Web Developer IV",
            "phone": "4008755916",
            "attributes": { "type": "Contact", "referenceId": "ContactRef47" }
        },
        {
            "lastName": "Arnout",
            "firstName": "Bartolemo",
            "email": "barnout1b@dmoz.org",
            "accountId": "@accountRef11",
            "title": "Accountant III",
            "phone": "9512152780",
            "attributes": { "type": "Contact", "referenceId": "ContactRef48" }
        },
        {
            "lastName": "Frye",
            "firstName": "Stella",
            "email": "sfrye1c@last.fm",
            "accountId": "@accountRef6",
            "title": "Paralegal",
            "phone": "5549762941",
            "attributes": { "type": "Contact", "referenceId": "ContactRef49" }
        },
        {
            "lastName": "Brandes",
            "firstName": "Doloritas",
            "email": "dbrandes1d@spotify.com",
            "accountId": "@accountRef38",
            "title": "Graphic Designer",
            "phone": "8691757601",
            "attributes": { "type": "Contact", "referenceId": "ContactRef50" }
        },
        {
            "lastName": "Mant",
            "firstName": "Seamus",
            "email": "smant1e@tinyurl.com",
            "accountId": "@accountRef2",
            "title": "Web Developer IV",
            "phone": "4374974277",
            "attributes": { "type": "Contact", "referenceId": "ContactRef51" }
        },
        {
            "lastName": "Berisford",
            "firstName": "Danica",
            "email": "dberisford1f@tuttocitta.it",
            "accountId": "@accountRef5",
            "title": "Assistant Professor",
            "phone": "3506080587",
            "attributes": { "type": "Contact", "referenceId": "ContactRef52" }
        },
        {
            "lastName": "O'Carney",
            "firstName": "Dorise",
            "email": "docarney1g@csmonitor.com",
            "accountId": "@accountRef18",
            "title": "Financial Analyst",
            "phone": "6003977247",
            "attributes": { "type": "Contact", "referenceId": "ContactRef53" }
        },
        {
            "lastName": "Padgham",
            "firstName": "Viviene",
            "email": "vpadgham1h@jigsy.com",
            "accountId": "@accountRef26",
            "title": "Nuclear Power Engineer",
            "phone": "3413016540",
            "attributes": { "type": "Contact", "referenceId": "ContactRef54" }
        },
        {
            "lastName": "Hampton",
            "firstName": "Amelina",
            "email": "ahampton1i@geocities.com",
            "accountId": "@accountRef11",
            "title": "Account Coordinator",
            "phone": "8418091062",
            "attributes": { "type": "Contact", "referenceId": "ContactRef55" }
        },
        {
            "lastName": "Ferdinand",
            "firstName": "Reggy",
            "email": "rferdinand1j@washington.edu",
            "accountId": "@accountRef39",
            "title": "Marketing Assistant",
            "phone": "2904331069",
            "attributes": { "type": "Contact", "referenceId": "ContactRef56" }
        },
        {
            "lastName": "Giovannacci",
            "firstName": "Faythe",
            "email": "fgiovannacci1k@irs.gov",
            "accountId": "@accountRef17",
            "title": "Senior Financial Analyst",
            "phone": "1805622992",
            "attributes": { "type": "Contact", "referenceId": "ContactRef57" }
        },
        {
            "lastName": "Mayer",
            "firstName": "Pauly",
            "email": "pmayer1l@time.com",
            "accountId": "@accountRef36",
            "title": "Director of Sales",
            "phone": "4294492627",
            "attributes": { "type": "Contact", "referenceId": "ContactRef58" }
        },
        {
            "lastName": "Luckie",
            "firstName": "Beverlie",
            "email": "bluckie1m@spiegel.de",
            "accountId": "@accountRef38",
            "title": "Staff Scientist",
            "phone": "1724896448",
            "attributes": { "type": "Contact", "referenceId": "ContactRef59" }
        },
        {
            "lastName": "Sommerlin",
            "firstName": "Arabel",
            "email": "asommerlin1n@weibo.com",
            "accountId": "@accountRef34",
            "title": "Quality Control Specialist",
            "phone": "5127326293",
            "attributes": { "type": "Contact", "referenceId": "ContactRef60" }
        },
        {
            "lastName": "Gair",
            "firstName": "Glen",
            "email": "ggair1o@ftc.gov",
            "accountId": "@accountRef49",
            "title": "Assistant Manager",
            "phone": "3947393476",
            "attributes": { "type": "Contact", "referenceId": "ContactRef61" }
        },
        {
            "lastName": "Brimilcombe",
            "firstName": "Pasquale",
            "email": "pbrimilcombe1p@mtv.com",
            "accountId": "@accountRef25",
            "title": "Safety Technician IV",
            "phone": "1544809213",
            "attributes": { "type": "Contact", "referenceId": "ContactRef62" }
        },
        {
            "lastName": "Dowbekin",
            "firstName": "Livvy",
            "email": "ldowbekin1q@hugedomains.com",
            "accountId": "@accountRef14",
            "title": "Pharmacist",
            "phone": "5156217221",
            "attributes": { "type": "Contact", "referenceId": "ContactRef63" }
        },
        {
            "lastName": "Inglefield",
            "firstName": "Newton",
            "email": "ninglefield1r@wikimedia.org",
            "accountId": "@accountRef33",
            "title": "Paralegal",
            "phone": "3794722042",
            "attributes": { "type": "Contact", "referenceId": "ContactRef64" }
        },
        {
            "lastName": "Wardale",
            "firstName": "Odelinda",
            "email": "owardale1s@sphinn.com",
            "accountId": "@accountRef28",
            "title": "Office Assistant II",
            "phone": "1495176805",
            "attributes": { "type": "Contact", "referenceId": "ContactRef65" }
        },
        {
            "lastName": "Imorts",
            "firstName": "Regen",
            "email": "rimorts1t@booking.com",
            "accountId": "@accountRef18",
            "title": "Nurse",
            "phone": "6106879868",
            "attributes": { "type": "Contact", "referenceId": "ContactRef66" }
        },
        {
            "lastName": "Aldersea",
            "firstName": "Alistair",
            "email": "aaldersea1u@state.gov",
            "accountId": "@accountRef16",
            "title": "Senior Financial Analyst",
            "phone": "7348736426",
            "attributes": { "type": "Contact", "referenceId": "ContactRef67" }
        },
        {
            "lastName": "Purselowe",
            "firstName": "Delly",
            "email": "dpurselowe1v@arstechnica.com",
            "accountId": "@accountRef50",
            "title": "Web Designer I",
            "phone": "4794598516",
            "attributes": { "type": "Contact", "referenceId": "ContactRef68" }
        },
        {
            "lastName": "Enriquez",
            "firstName": "Noemi",
            "email": "nenriquez1w@xinhuanet.com",
            "accountId": "@accountRef38",
            "title": "Assistant Media Planner",
            "phone": "3166577712",
            "attributes": { "type": "Contact", "referenceId": "ContactRef69" }
        },
        {
            "lastName": "Rubertis",
            "firstName": "Lucita",
            "email": "lrubertis1x@telegraph.co.uk",
            "accountId": "@accountRef50",
            "title": "Programmer Analyst III",
            "phone": "8928137226",
            "attributes": { "type": "Contact", "referenceId": "ContactRef70" }
        },
        {
            "lastName": "Mitskevich",
            "firstName": "Olimpia",
            "email": "omitskevich1y@hc360.com",
            "accountId": "@accountRef6",
            "title": "Developer II",
            "phone": "3976967678",
            "attributes": { "type": "Contact", "referenceId": "ContactRef71" }
        },
        {
            "lastName": "Convery",
            "firstName": "Florence",
            "email": "fconvery1z@utexas.edu",
            "accountId": "@accountRef4",
            "title": "Assistant Media Planner",
            "phone": "6295611190",
            "attributes": { "type": "Contact", "referenceId": "ContactRef72" }
        },
        {
            "lastName": "Dorset",
            "firstName": "Norah",
            "email": "ndorset20@walmart.com",
            "accountId": "@accountRef8",
            "title": "GIS Technical Architect",
            "phone": "1797830049",
            "attributes": { "type": "Contact", "referenceId": "ContactRef73" }
        },
        {
            "lastName": "Reschke",
            "firstName": "Waldemar",
            "email": "wreschke21@canalblog.com",
            "accountId": "@accountRef4",
            "title": "Financial Analyst",
            "phone": "1326999601",
            "attributes": { "type": "Contact", "referenceId": "ContactRef74" }
        },
        {
            "lastName": "Stedall",
            "firstName": "Rowen",
            "email": "rstedall22@jimdo.com",
            "accountId": "@accountRef1",
            "title": "Chief Design Engineer",
            "phone": "3446570507",
            "attributes": { "type": "Contact", "referenceId": "ContactRef75" }
        },
        {
            "lastName": "Savege",
            "firstName": "Pat",
            "email": "psavege23@harvard.edu",
            "accountId": "@accountRef9",
            "title": "Systems Administrator I",
            "phone": "4857145509",
            "attributes": { "type": "Contact", "referenceId": "ContactRef76" }
        },
        {
            "lastName": "Liebmann",
            "firstName": "Cele",
            "email": "cliebmann24@zimbio.com",
            "accountId": "@accountRef47",
            "title": "Research Nurse",
            "phone": "1976935994",
            "attributes": { "type": "Contact", "referenceId": "ContactRef77" }
        },
        {
            "lastName": "Frankcombe",
            "firstName": "Mord",
            "email": "mfrankcombe25@nytimes.com",
            "accountId": "@accountRef36",
            "title": "Automation Specialist I",
            "phone": "2485674420",
            "attributes": { "type": "Contact", "referenceId": "ContactRef78" }
        },
        {
            "lastName": "Drescher",
            "firstName": "Matthaeus",
            "email": "mdrescher26@twitpic.com",
            "accountId": "@accountRef2",
            "title": "Executive Secretary",
            "phone": "6192662767",
            "attributes": { "type": "Contact", "referenceId": "ContactRef79" }
        },
        {
            "lastName": "Gregol",
            "firstName": "Laurens",
            "email": "lgregol27@cnn.com",
            "accountId": "@accountRef42",
            "title": "Sales Representative",
            "phone": "8697186323",
            "attributes": { "type": "Contact", "referenceId": "ContactRef80" }
        },
        {
            "lastName": "Winning",
            "firstName": "Phebe",
            "email": "pwinning28@usatoday.com",
            "accountId": "@accountRef11",
            "title": "Staff Accountant IV",
            "phone": "9011955799",
            "attributes": { "type": "Contact", "referenceId": "ContactRef81" }
        },
        {
            "lastName": "Marchetti",
            "firstName": "Bertine",
            "email": "bmarchetti29@cpanel.net",
            "accountId": "@accountRef41",
            "title": "Geological Engineer",
            "phone": "9123005781",
            "attributes": { "type": "Contact", "referenceId": "ContactRef82" }
        },
        {
            "lastName": "Moline",
            "firstName": "Kiah",
            "email": "kmoline2a@nifty.com",
            "accountId": "@accountRef3",
            "title": "Software Engineer IV",
            "phone": "6353739994",
            "attributes": { "type": "Contact", "referenceId": "ContactRef83" }
        },
        {
            "lastName": "Parris",
            "firstName": "Rocky",
            "email": "rparris2b@psu.edu",
            "accountId": "@accountRef25",
            "title": "Automation Specialist III",
            "phone": "5719195877",
            "attributes": { "type": "Contact", "referenceId": "ContactRef84" }
        },
        {
            "lastName": "Boam",
            "firstName": "Rab",
            "email": "rboam2c@blogger.com",
            "accountId": "@accountRef38",
            "title": "Graphic Designer",
            "phone": "4938751451",
            "attributes": { "type": "Contact", "referenceId": "ContactRef85" }
        },
        {
            "lastName": "Dreier",
            "firstName": "Husain",
            "email": "hdreier2d@devhub.com",
            "accountId": "@accountRef29",
            "title": "Software Test Engineer III",
            "phone": "1742500840",
            "attributes": { "type": "Contact", "referenceId": "ContactRef86" }
        },
        {
            "lastName": "Sorro",
            "firstName": "Benji",
            "email": "bsorro2e@theatlantic.com",
            "accountId": "@accountRef15",
            "title": "Sales Representative",
            "phone": "4754969256",
            "attributes": { "type": "Contact", "referenceId": "ContactRef87" }
        },
        {
            "lastName": "Gentle",
            "firstName": "Lesley",
            "email": "lgentle2f@sakura.ne.jp",
            "accountId": "@accountRef44",
            "title": "Payment Adjustment Coordinator",
            "phone": "5097089527",
            "attributes": { "type": "Contact", "referenceId": "ContactRef88" }
        },
        {
            "lastName": "Breche",
            "firstName": "Dawn",
            "email": "dbreche2g@multiply.com",
            "accountId": "@accountRef49",
            "title": "Help Desk Operator",
            "phone": "5522660181",
            "attributes": { "type": "Contact", "referenceId": "ContactRef89" }
        },
        {
            "lastName": "Dimsdale",
            "firstName": "Noach",
            "email": "ndimsdale2h@homestead.com",
            "accountId": "@accountRef16",
            "title": "Systems Administrator IV",
            "phone": "5677677590",
            "attributes": { "type": "Contact", "referenceId": "ContactRef90" }
        },
        {
            "lastName": "Chadbourne",
            "firstName": "Lloyd",
            "email": "lchadbourne2i@samsung.com",
            "accountId": "@accountRef11",
            "title": "Accountant I",
            "phone": "1415040404",
            "attributes": { "type": "Contact", "referenceId": "ContactRef91" }
        },
        {
            "lastName": "Eble",
            "firstName": "Lenka",
            "email": "leble2j@moonfruit.com",
            "accountId": "@accountRef6",
            "title": "Director of Sales",
            "phone": "9535979962",
            "attributes": { "type": "Contact", "referenceId": "ContactRef92" }
        },
        {
            "lastName": "Witcherley",
            "firstName": "Bobbette",
            "email": "bwitcherley2k@theatlantic.com",
            "accountId": "@accountRef29",
            "title": "Junior Executive",
            "phone": "3478117485",
            "attributes": { "type": "Contact", "referenceId": "ContactRef93" }
        },
        {
            "lastName": "Fall",
            "firstName": "Vanya",
            "email": "vfall2l@yahoo.co.jp",
            "accountId": "@accountRef19",
            "title": "Geologist III",
            "phone": "1589779652",
            "attributes": { "type": "Contact", "referenceId": "ContactRef94" }
        },
        {
            "lastName": "Faulks",
            "firstName": "Romeo",
            "email": "rfaulks2m@nsw.gov.au",
            "accountId": "@accountRef17",
            "title": "Desktop Support Technician",
            "phone": "4045426571",
            "attributes": { "type": "Contact", "referenceId": "ContactRef95" }
        },
        {
            "lastName": "Chimienti",
            "firstName": "Sheridan",
            "email": "schimienti2n@joomla.org",
            "accountId": "@accountRef34",
            "title": "Research Assistant III",
            "phone": "6456904372",
            "attributes": { "type": "Contact", "referenceId": "ContactRef96" }
        },
        {
            "lastName": "Norrie",
            "firstName": "Arnie",
            "email": "anorrie2o@amazon.co.jp",
            "accountId": "@accountRef23",
            "title": "Health Coach III",
            "phone": "8201572697",
            "attributes": { "type": "Contact", "referenceId": "ContactRef97" }
        },
        {
            "lastName": "Caseri",
            "firstName": "Goldia",
            "email": "gcaseri2p@imdb.com",
            "accountId": "@accountRef38",
            "title": "Senior Developer",
            "phone": "7778497987",
            "attributes": { "type": "Contact", "referenceId": "ContactRef98" }
        },
        {
            "lastName": "Poyntz",
            "firstName": "Benetta",
            "email": "bpoyntz2q@xinhuanet.com",
            "accountId": "@accountRef31",
            "title": "Geologist IV",
            "phone": "4399640030",
            "attributes": { "type": "Contact", "referenceId": "ContactRef99" }
        },
        {
            "lastName": "Bastistini",
            "firstName": "Quinta",
            "email": "qbastistini2r@samsung.com",
            "accountId": "@accountRef27",
            "title": "Editor",
            "phone": "6136053514",
            "attributes": { "type": "Contact", "referenceId": "ContactRef100" }
        },
        {
            "lastName": "Vampouille",
            "firstName": "Zebulon",
            "email": "zvampouille2s@wikispaces.com",
            "accountId": "@accountRef12",
            "title": "VP Product Management",
            "phone": "2952221113",
            "attributes": { "type": "Contact", "referenceId": "ContactRef101" }
        },
        {
            "lastName": "Huffey",
            "firstName": "Virgie",
            "email": "vhuffey2t@homestead.com",
            "accountId": "@accountRef43",
            "title": "Analog Circuit Design manager",
            "phone": "1122680123",
            "attributes": { "type": "Contact", "referenceId": "ContactRef102" }
        },
        {
            "lastName": "Kment",
            "firstName": "Daphene",
            "email": "dkment2u@walmart.com",
            "accountId": "@accountRef26",
            "title": "Senior Editor",
            "phone": "3857242264",
            "attributes": { "type": "Contact", "referenceId": "ContactRef103" }
        },
        {
            "lastName": "Stockton",
            "firstName": "Odille",
            "email": "ostockton2v@scientificamerican.com",
            "accountId": "@accountRef29",
            "title": "Operator",
            "phone": "3055406823",
            "attributes": { "type": "Contact", "referenceId": "ContactRef104" }
        },
        {
            "lastName": "Witherup",
            "firstName": "Derward",
            "email": "dwitherup2w@jugem.jp",
            "accountId": "@accountRef48",
            "title": "Analog Circuit Design manager",
            "phone": "2659282363",
            "attributes": { "type": "Contact", "referenceId": "ContactRef105" }
        },
        {
            "lastName": "Zorzetti",
            "firstName": "Adriaens",
            "email": "azorzetti2x@aboutads.info",
            "accountId": "@accountRef14",
            "title": "Recruiting Manager",
            "phone": "2004398388",
            "attributes": { "type": "Contact", "referenceId": "ContactRef106" }
        },
        {
            "lastName": "Discombe",
            "firstName": "Xymenes",
            "email": "xdiscombe2y@imgur.com",
            "accountId": "@accountRef33",
            "title": "Media Manager II",
            "phone": "2031654739",
            "attributes": { "type": "Contact", "referenceId": "ContactRef107" }
        },
        {
            "lastName": "Crambie",
            "firstName": "Donaugh",
            "email": "dcrambie2z@wufoo.com",
            "accountId": "@accountRef26",
            "title": "Clinical Specialist",
            "phone": "9081211379",
            "attributes": { "type": "Contact", "referenceId": "ContactRef108" }
        },
        {
            "lastName": "D'Emanuele",
            "firstName": "Susanetta",
            "email": "sdemanuele30@usnews.com",
            "accountId": "@accountRef25",
            "title": "Analog Circuit Design manager",
            "phone": "1176456218",
            "attributes": { "type": "Contact", "referenceId": "ContactRef109" }
        },
        {
            "lastName": "Southerell",
            "firstName": "Antonietta",
            "email": "asoutherell31@spiegel.de",
            "accountId": "@accountRef45",
            "title": "Software Test Engineer II",
            "phone": "9186330362",
            "attributes": { "type": "Contact", "referenceId": "ContactRef110" }
        },
        {
            "lastName": "Antunes",
            "firstName": "Lilly",
            "email": "lantunes32@yahoo.com",
            "accountId": "@accountRef26",
            "title": "Technical Writer",
            "phone": "9019032435",
            "attributes": { "type": "Contact", "referenceId": "ContactRef111" }
        },
        {
            "lastName": "Irwin",
            "firstName": "Karole",
            "email": "kirwin33@psu.edu",
            "accountId": "@accountRef38",
            "title": "Cost Accountant",
            "phone": "1147613976",
            "attributes": { "type": "Contact", "referenceId": "ContactRef112" }
        },
        {
            "lastName": "Aronov",
            "firstName": "Tobiah",
            "email": "taronov34@si.edu",
            "accountId": "@accountRef34",
            "title": "Librarian",
            "phone": "6017594639",
            "attributes": { "type": "Contact", "referenceId": "ContactRef113" }
        },
        {
            "lastName": "Fishly",
            "firstName": "Gertrud",
            "email": "gfishly35@buzzfeed.com",
            "accountId": "@accountRef38",
            "title": "Accounting Assistant II",
            "phone": "6491283755",
            "attributes": { "type": "Contact", "referenceId": "ContactRef114" }
        },
        {
            "lastName": "Brickdale",
            "firstName": "Cherin",
            "email": "cbrickdale36@narod.ru",
            "accountId": "@accountRef1",
            "title": "Registered Nurse",
            "phone": "2312508690",
            "attributes": { "type": "Contact", "referenceId": "ContactRef115" }
        },
        {
            "lastName": "Teissier",
            "firstName": "Marni",
            "email": "mteissier37@ca.gov",
            "accountId": "@accountRef26",
            "title": "Senior Cost Accountant",
            "phone": "7482354123",
            "attributes": { "type": "Contact", "referenceId": "ContactRef116" }
        },
        {
            "lastName": "Bramstom",
            "firstName": "Reynold",
            "email": "rbramstom38@springer.com",
            "accountId": "@accountRef21",
            "title": "Senior Quality Engineer",
            "phone": "4102302530",
            "attributes": { "type": "Contact", "referenceId": "ContactRef117" }
        },
        {
            "lastName": "Bellson",
            "firstName": "Lorelei",
            "email": "lbellson39@utexas.edu",
            "accountId": "@accountRef48",
            "title": "Food Chemist",
            "phone": "2046245646",
            "attributes": { "type": "Contact", "referenceId": "ContactRef118" }
        },
        {
            "lastName": "Hathorn",
            "firstName": "Bern",
            "email": "bhathorn3a@deviantart.com",
            "accountId": "@accountRef32",
            "title": "Mechanical Systems Engineer",
            "phone": "3044529761",
            "attributes": { "type": "Contact", "referenceId": "ContactRef119" }
        },
        {
            "lastName": "Danick",
            "firstName": "Stevie",
            "email": "sdanick3b@va.gov",
            "accountId": "@accountRef19",
            "title": "Occupational Therapist",
            "phone": "4322110385",
            "attributes": { "type": "Contact", "referenceId": "ContactRef120" }
        },
        {
            "lastName": "Gozard",
            "firstName": "Karly",
            "email": "kgozard3c@netscape.com",
            "accountId": "@accountRef11",
            "title": "Database Administrator III",
            "phone": "6541802793",
            "attributes": { "type": "Contact", "referenceId": "ContactRef121" }
        },
        {
            "lastName": "Bugs",
            "firstName": "Rebecka",
            "email": "rbugs3d@amazon.co.jp",
            "accountId": "@accountRef18",
            "title": "Developer II",
            "phone": "7533797943",
            "attributes": { "type": "Contact", "referenceId": "ContactRef122" }
        },
        {
            "lastName": "Cleiment",
            "firstName": "Huberto",
            "email": "hcleiment3e@so-net.ne.jp",
            "accountId": "@accountRef49",
            "title": "Research Assistant I",
            "phone": "4581486457",
            "attributes": { "type": "Contact", "referenceId": "ContactRef123" }
        },
        {
            "lastName": "Laroze",
            "firstName": "Marya",
            "email": "mlaroze3f@acquirethisname.com",
            "accountId": "@accountRef11",
            "title": "Graphic Designer",
            "phone": "9101331675",
            "attributes": { "type": "Contact", "referenceId": "ContactRef124" }
        },
        {
            "lastName": "Tregonna",
            "firstName": "Preston",
            "email": "ptregonna3g@nationalgeographic.com",
            "accountId": "@accountRef15",
            "title": "Biostatistician II",
            "phone": "1897099268",
            "attributes": { "type": "Contact", "referenceId": "ContactRef125" }
        },
        {
            "lastName": "Westgate",
            "firstName": "Riane",
            "email": "rwestgate3h@dailymotion.com",
            "accountId": "@accountRef23",
            "title": "Payment Adjustment Coordinator",
            "phone": "8234086946",
            "attributes": { "type": "Contact", "referenceId": "ContactRef126" }
        },
        {
            "lastName": "Greson",
            "firstName": "Harriott",
            "email": "hgreson3i@digg.com",
            "accountId": "@accountRef35",
            "title": "Software Engineer I",
            "phone": "3994013417",
            "attributes": { "type": "Contact", "referenceId": "ContactRef127" }
        },
        {
            "lastName": "Matteoli",
            "firstName": "Gasparo",
            "email": "gmatteoli3j@rakuten.co.jp",
            "accountId": "@accountRef49",
            "title": "Accounting Assistant IV",
            "phone": "6777026397",
            "attributes": { "type": "Contact", "referenceId": "ContactRef128" }
        },
        {
            "lastName": "Routh",
            "firstName": "Alonzo",
            "email": "arouth3k@google.ca",
            "accountId": "@accountRef4",
            "title": "Executive Secretary",
            "phone": "1939814490",
            "attributes": { "type": "Contact", "referenceId": "ContactRef129" }
        },
        {
            "lastName": "Pickersail",
            "firstName": "Maddie",
            "email": "mpickersail3l@statcounter.com",
            "accountId": "@accountRef37",
            "title": "Programmer Analyst I",
            "phone": "6995470308",
            "attributes": { "type": "Contact", "referenceId": "ContactRef130" }
        },
        {
            "lastName": "Morton",
            "firstName": "Sheilakathryn",
            "email": "smorton3m@bing.com",
            "accountId": "@accountRef26",
            "title": "Social Worker",
            "phone": "3563627262",
            "attributes": { "type": "Contact", "referenceId": "ContactRef131" }
        },
        {
            "lastName": "Rumin",
            "firstName": "Baillie",
            "email": "brumin3n@live.com",
            "accountId": "@accountRef20",
            "title": "Dental Hygienist",
            "phone": "1912072683",
            "attributes": { "type": "Contact", "referenceId": "ContactRef132" }
        },
        {
            "lastName": "Pawley",
            "firstName": "Kiah",
            "email": "kpawley3o@google.com.br",
            "accountId": "@accountRef33",
            "title": "Health Coach IV",
            "phone": "3329866620",
            "attributes": { "type": "Contact", "referenceId": "ContactRef133" }
        },
        {
            "lastName": "Filipowicz",
            "firstName": "Robbyn",
            "email": "rfilipowicz3p@bandcamp.com",
            "accountId": "@accountRef27",
            "title": "Registered Nurse",
            "phone": "4736601056",
            "attributes": { "type": "Contact", "referenceId": "ContactRef134" }
        },
        {
            "lastName": "Stopforth",
            "firstName": "Lorelle",
            "email": "lstopforth3q@mit.edu",
            "accountId": "@accountRef50",
            "title": "Electrical Engineer",
            "phone": "8167874274",
            "attributes": { "type": "Contact", "referenceId": "ContactRef135" }
        },
        {
            "lastName": "Bulbeck",
            "firstName": "Allistir",
            "email": "abulbeck3r@nsw.gov.au",
            "accountId": "@accountRef3",
            "title": "Quality Control Specialist",
            "phone": "2358711187",
            "attributes": { "type": "Contact", "referenceId": "ContactRef136" }
        },
        {
            "lastName": "Housden",
            "firstName": "Erskine",
            "email": "ehousden3s@sitemeter.com",
            "accountId": "@accountRef5",
            "title": "Associate Professor",
            "phone": "1419222344",
            "attributes": { "type": "Contact", "referenceId": "ContactRef137" }
        },
        {
            "lastName": "Sharrocks",
            "firstName": "Willy",
            "email": "wsharrocks3t@seesaa.net",
            "accountId": "@accountRef37",
            "title": "Environmental Tech",
            "phone": "2951987306",
            "attributes": { "type": "Contact", "referenceId": "ContactRef138" }
        },
        {
            "lastName": "Mahedy",
            "firstName": "Opaline",
            "email": "omahedy3u@diigo.com",
            "accountId": "@accountRef23",
            "title": "Senior Editor",
            "phone": "8437630936",
            "attributes": { "type": "Contact", "referenceId": "ContactRef139" }
        },
        {
            "lastName": "Kencott",
            "firstName": "Isa",
            "email": "ikencott3v@biglobe.ne.jp",
            "accountId": "@accountRef32",
            "title": "Nuclear Power Engineer",
            "phone": "2941628020",
            "attributes": { "type": "Contact", "referenceId": "ContactRef140" }
        },
        {
            "lastName": "Greenig",
            "firstName": "Starlene",
            "email": "sgreenig3w@newsvine.com",
            "accountId": "@accountRef11",
            "title": "Internal Auditor",
            "phone": "5544709497",
            "attributes": { "type": "Contact", "referenceId": "ContactRef141" }
        },
        {
            "lastName": "Buddles",
            "firstName": "Daphne",
            "email": "dbuddles3x@paypal.com",
            "accountId": "@accountRef15",
            "title": "Geological Engineer",
            "phone": "9026448064",
            "attributes": { "type": "Contact", "referenceId": "ContactRef142" }
        },
        {
            "lastName": "Sibbons",
            "firstName": "Jenilee",
            "email": "jsibbons3y@bandcamp.com",
            "accountId": "@accountRef45",
            "title": "Media Manager III",
            "phone": "1462118881",
            "attributes": { "type": "Contact", "referenceId": "ContactRef143" }
        },
        {
            "lastName": "Craigs",
            "firstName": "Lanie",
            "email": "lcraigs3z@multiply.com",
            "accountId": "@accountRef45",
            "title": "Editor",
            "phone": "3572996181",
            "attributes": { "type": "Contact", "referenceId": "ContactRef144" }
        },
        {
            "lastName": "Marvell",
            "firstName": "Goran",
            "email": "gmarvell40@who.int",
            "accountId": "@accountRef32",
            "title": "VP Accounting",
            "phone": "1149458518",
            "attributes": { "type": "Contact", "referenceId": "ContactRef145" }
        },
        {
            "lastName": "Forde",
            "firstName": "Dorella",
            "email": "dforde41@hatena.ne.jp",
            "accountId": "@accountRef46",
            "title": "Account Coordinator",
            "phone": "6993422844",
            "attributes": { "type": "Contact", "referenceId": "ContactRef146" }
        },
        {
            "lastName": "Baudinot",
            "firstName": "Mile",
            "email": "mbaudinot42@dell.com",
            "accountId": "@accountRef13",
            "title": "Civil Engineer",
            "phone": "4161868257",
            "attributes": { "type": "Contact", "referenceId": "ContactRef147" }
        },
        {
            "lastName": "Chadbourne",
            "firstName": "Nicol",
            "email": "nchadbourne43@auda.org.au",
            "accountId": "@accountRef4",
            "title": "VP Sales",
            "phone": "7038117512",
            "attributes": { "type": "Contact", "referenceId": "ContactRef148" }
        },
        {
            "lastName": "Elkins",
            "firstName": "Amelia",
            "email": "aelkins44@newsvine.com",
            "accountId": "@accountRef7",
            "title": "Food Chemist",
            "phone": "7222220548",
            "attributes": { "type": "Contact", "referenceId": "ContactRef149" }
        },
        {
            "lastName": "Tees",
            "firstName": "Kimble",
            "email": "ktees45@newsvine.com",
            "accountId": "@accountRef6",
            "title": "Business Systems Development Analyst",
            "phone": "2958188797",
            "attributes": { "type": "Contact", "referenceId": "ContactRef150" }
        }
    ]
}
