<?xml version="1.0" encoding="UTF-8" ?>
<CustomApplication xmlns="http://soap.sforce.com/2006/04/metadata">
    <brand>
        <headerColor>#0070D2</headerColor>
        <shouldOverrideOrgTheme>false</shouldOverrideOrgTheme>
    </brand>
    <formFactors>Large</formFactors>
    <isNavAutoTempTabsDisabled>false</isNavAutoTempTabsDisabled>
    <isNavPersonalizationDisabled>true</isNavPersonalizationDisabled>
    <label>Apex Recipes</label>
    <navType>Standard</navType>
    <tabs>Apex_Recipes</tabs>
    <uiType>Lightning</uiType>
</CustomApplication>
