<?xml version="1.0" encoding="UTF-8" ?>
<CustomMetadata
    xmlns="http://soap.sforce.com/2006/04/metadata"
    xmlns:xsi="http://www.w3.org/2001/XMLSchema-instance"
    xmlns:xsd="http://www.w3.org/2001/XMLSchema"
>
    <label>Disabled for</label>
    <protected>false</protected>
    <values>
        <field>Metadata_Driven_Trigger__c</field>
        <value xsi:type="xsd:string">MDTAccountTriggerHandler</value>
    </values>
    <values>
        <field>User_Email__c</field>
        <value xsi:type="xsd:string">foo@bar.com</value>
    </values>
</CustomMetadata>
