<?xml version="1.0" encoding="UTF-8" ?>
<CustomMetadata
    xmlns="http://soap.sforce.com/2006/04/metadata"
    xmlns:xsi="http://www.w3.org/2001/XMLSchema-instance"
    xmlns:xsd="http://www.w3.org/2001/XMLSchema"
>
    <label>MDTSecondAccountTriggerHandler</label>
    <protected>false</protected>
    <values>
        <field>Class__c</field>
        <value xsi:type="xsd:string">MDTSecondAccountTriggerHandler</value>
    </values>
    <values>
        <field>Enabled__c</field>
        <value xsi:type="xsd:boolean">true</value>
    </values>
    <values>
        <field>Execution_Order__c</field>
        <value xsi:type="xsd:double">3.0</value>
    </values>
    <values>
        <field>Object__c</field>
        <value xsi:type="xsd:string">Account</value>
    </values>
</CustomMetadata>
